{"plants": {"F011": {"plant_id": "F011", "start_time": 1565781726, "time_interval": 300, "end_time": 1565861791, "truck_capacity": 16}, "FB25": {"plant_id": "FB25", "start_time": 1565781726, "time_interval": 300, "end_time": 1565861791, "truck_capacity": 6}, "FB40": {"plant_id": "FB40", "start_time": 1565781726, "time_interval": 300, "end_time": 1565861791, "truck_capacity": 20}, "FB58": {"plant_id": "FB58", "start_time": 1565781726, "time_interval": 300, "end_time": 1565861791, "truck_capacity": 5}}, "deliveries": {"66569254_1565797330.3565493": {"client_id": "66569254", "arrival_time": 1565797330.3565493, "pour_duration": 3517.3874269152743, "revenue": 3517.3874269152743}, "66795886_1565786435.5791564": {"client_id": "66795886", "arrival_time": 1565786435.5791564, "pour_duration": 3420.3739279601004, "revenue": 3420.3739279601004}, "66553827_1565789301.574049": {"client_id": "66553827", "arrival_time": 1565789301.574049, "pour_duration": 3469.042215251806, "revenue": 3469.042215251806}, "66799021_1565788188.650126": {"client_id": "66799021", "arrival_time": 1565788188.650126, "pour_duration": 2690.341036794329, "revenue": 2690.341036794329}, "66646556_1565814399.4191213": {"client_id": "66646556", "arrival_time": 1565814399.4191213, "pour_duration": 3602.665705427695, "revenue": 3602.665705427695}, "66646556_1565829600.4999104": {"client_id": "66646556", "arrival_time": 1565829600.4999104, "pour_duration": 3401.9998635566976, "revenue": 3401.9998635566976}, "66784180_1565796378.1518664": {"client_id": "66784180", "arrival_time": 1565796378.1518664, "pour_duration": 3768.06199405104, "revenue": 3768.06199405104}, "66532426_1565788999.7120488": {"client_id": "66532426", "arrival_time": 1565788999.7120488, "pour_duration": 2638.716919218449, "revenue": 2638.716919218449}, "66783146_1565788945.4642382": {"client_id": "66783146", "arrival_time": 1565788945.4642382, "pour_duration": 3502.3399678333208, "revenue": 3502.3399678333208}, "66612560_1565788988.0446866": {"client_id": "66612560", "arrival_time": 1565788988.0446866, "pour_duration": 3407.3919176355084, "revenue": 3407.3919176355084}, "66794140_1565811875.658257": {"client_id": "66794140", "arrival_time": 1565811875.658257, "pour_duration": 3750.5787570284438, "revenue": 3750.5787570284438}, "66637074_1565816159.2071662": {"client_id": "66637074", "arrival_time": 1565816159.2071662, "pour_duration": 3205.329210663955, "revenue": 3205.329210663955}, "66794140_1565813834.658257": {"client_id": "66794140", "arrival_time": 1565813834.658257, "pour_duration": 3750.5787570284438, "revenue": 3750.5787570284438}, "66703406_1565798722.0243251": {"client_id": "66703406", "arrival_time": 1565798722.0243251, "pour_duration": 4085.783480562949, "revenue": 4085.783480562949}, "66794140_1565826168.658257": {"client_id": "66794140", "arrival_time": 1565826168.658257, "pour_duration": 3750.5787570284438, "revenue": 3750.5787570284438}, "66578862_1565790630.5795887": {"client_id": "66578862", "arrival_time": 1565790630.5795887, "pour_duration": 3240.8816279828147, "revenue": 3240.8816279828147}, "66612560_1565789564.0446866": {"client_id": "66612560", "arrival_time": 1565789564.0446866, "pour_duration": 3407.3919176355084, "revenue": 3407.3919176355084}, "66780816_1565824875.280229": {"client_id": "66780816", "arrival_time": 1565824875.280229, "pour_duration": 3375.806545699349, "revenue": 3375.806545699349}, "66790935_1565815592.4893534": {"client_id": "66790935", "arrival_time": 1565815592.4893534, "pour_duration": 3928.293664353401, "revenue": 3928.293664353401}, "66780816_1565827734.280229": {"client_id": "66780816", "arrival_time": 1565827734.280229, "pour_duration": 3375.806545699349, "revenue": 3375.806545699349}, "66705186_1565823718.360814": {"client_id": "66705186", "arrival_time": 1565823718.360814, "pour_duration": 3529.562928494396, "revenue": 3529.562928494396}, "66532426_1565789703.7120488": {"client_id": "66532426", "arrival_time": 1565789703.7120488, "pour_duration": 2638.716919218449, "revenue": 2638.716919218449}, "66592722_1565786412.9992514": {"client_id": "66592722", "arrival_time": 1565786412.9992514, "pour_duration": 3419.4918188864954, "revenue": 3419.4918188864954}, "66632418_1565825245.9263818": {"client_id": "66632418", "arrival_time": 1565825245.9263818, "pour_duration": 3201.859848400474, "revenue": 3201.859848400474}, "66794140_1565810623.658257": {"client_id": "66794140", "arrival_time": 1565810623.658257, "pour_duration": 3750.5787570284438, "revenue": 3750.5787570284438}, "66632418_1565821181.9263818": {"client_id": "66632418", "arrival_time": 1565821181.9263818, "pour_duration": 3201.859848400474, "revenue": 3201.859848400474}, "66646556_1565815534.4999104": {"client_id": "66646556", "arrival_time": 1565815534.4999104, "pour_duration": 3401.9998635566976, "revenue": 3401.9998635566976}, "66481045_1565807535.4232671": {"client_id": "66481045", "arrival_time": 1565807535.4232671, "pour_duration": 3674.164969853533, "revenue": 3674.164969853533}, "66800688_1565810205.6294134": {"client_id": "66800688", "arrival_time": 1565810205.6294134, "pour_duration": 3902.6475581937616, "revenue": 3902.6475581937616}, "66637074_1565813831.2071662": {"client_id": "66637074", "arrival_time": 1565813831.2071662, "pour_duration": 3205.329210663955, "revenue": 3205.329210663955}, "66553827_1565787386.574049": {"client_id": "66553827", "arrival_time": 1565787386.574049, "pour_duration": 3469.042215251806, "revenue": 3469.042215251806}, "66578862_1565797488.5795887": {"client_id": "66578862", "arrival_time": 1565797488.5795887, "pour_duration": 3240.8816279828147, "revenue": 3240.8816279828147}, "66702155_1565812005.5991163": {"client_id": "66702155", "arrival_time": 1565812005.5991163, "pour_duration": 4336.122599470375, "revenue": 4336.122599470375}, "66637074_1565809987.2071662": {"client_id": "66637074", "arrival_time": 1565809987.2071662, "pour_duration": 3205.329210663955, "revenue": 3205.329210663955}, "66794140_1565815148.658257": {"client_id": "66794140", "arrival_time": 1565815148.658257, "pour_duration": 3750.5787570284438, "revenue": 3750.5787570284438}, "66783146_1565794608.4642382": {"client_id": "66783146", "arrival_time": 1565794608.4642382, "pour_duration": 3502.3399678333208, "revenue": 3502.3399678333208}, "66780816_1565814452.280229": {"client_id": "66780816", "arrival_time": 1565814452.280229, "pour_duration": 3375.806545699349, "revenue": 3375.806545699349}, "66797744_1565814620.830758": {"client_id": "66797744", "arrival_time": 1565814620.830758, "pour_duration": 3451.1791812748215, "revenue": 3451.1791812748215}, "66646556_1565821797.4999104": {"client_id": "66646556", "arrival_time": 1565821797.4999104, "pour_duration": 3401.9998635566976, "revenue": 3401.9998635566976}, "66646512_1565811465.1336036": {"client_id": "66646512", "arrival_time": 1565811465.1336036, "pour_duration": 3361.89336890738, "revenue": 3361.89336890738}, "66703406_1565814408.0243251": {"client_id": "66703406", "arrival_time": 1565814408.0243251, "pour_duration": 4085.783480562949, "revenue": 4085.783480562949}, "66780816_1565791433.280229": {"client_id": "66780816", "arrival_time": 1565791433.280229, "pour_duration": 3375.806545699349, "revenue": 3375.806545699349}, "66791438_1565789856.2580843": {"client_id": "66791438", "arrival_time": 1565789856.2580843, "pour_duration": 3238.8714522462265, "revenue": 3238.8714522462265}, "66532426_1565794060.7120488": {"client_id": "66532426", "arrival_time": 1565794060.7120488, "pour_duration": 2638.716919218449, "revenue": 2638.716919218449}, "66703406_1565808744.0243251": {"client_id": "66703406", "arrival_time": 1565808744.0243251, "pour_duration": 4085.783480562949, "revenue": 4085.783480562949}, "66789346_1565812554.5397155": {"client_id": "66789346", "arrival_time": 1565812554.5397155, "pour_duration": 3437.046327961651, "revenue": 3437.046327961651}, "66605236_1565820144.8126464": {"client_id": "66605236", "arrival_time": 1565820144.8126464,