{"plants": {"F011": {"plant_id": "F011", "start_time": 1565952180, "time_interval": 300, "end_time": 1566052105, "truck_capacity": 15}, "FB25": {"plant_id": "FB25", "start_time": 1565952180, "time_interval": 300, "end_time": 1566052105, "truck_capacity": 11}, "FB40": {"plant_id": "FB40", "start_time": 1565952180, "time_interval": 300, "end_time": 1566052105, "truck_capacity": 13}, "FB58": {"plant_id": "FB58", "start_time": 1565952180, "time_interval": 300, "end_time": 1566052105, "truck_capacity": 7}}, "deliveries": {"66553827_1565957206.574049": {"client_id": "66553827", "arrival_time": 1565957206.574049, "pour_duration": 3469.042215251806, "revenue": 3469.042215251806}, "66553827_1565972942.574049": {"client_id": "66553827", "arrival_time": 1565972942.574049, "pour_duration": 3469.042215251806, "revenue": 3469.042215251806}, "66801451_1565957995.6229706": {"client_id": "66801451", "arrival_time": 1565957995.6229706, "pour_duration": 3306.3560677527253, "revenue": 3306.3560677527253}, "66786988_1565969988.318768": {"client_id": "66786988", "arrival_time": 1565969988.318768, "pour_duration": 3383.470802065381, "revenue": 3383.470802065381}, "66780739_1565961840.816072": {"client_id": "66780739", "arrival_time": 1565961840.816072, "pour_duration": 4103.720222150817, "revenue": 4103.720222150817}, "66503179_1565958964.1611755": {"client_id": "66503179", "arrival_time": 1565958964.1611755, "pour_duration": 2709.3719288398506, "revenue": 2709.3719288398506}, "66646556_1565984471.4999104": {"client_id": "66646556", "arrival_time": 1565984471.4999104, "pour_duration": 3401.9998635566976, "revenue": 3401.9998635566976}, "66637074_1565987246.2071662": {"client_id": "66637074", "arrival_time": 1565987246.2071662, "pour_duration": 3205.329210663955, "revenue": 3205.329210663955}, "66553827_1565973898.574049": {"client_id": "66553827", "arrival_time": 1565973898.574049, "pour_duration": 3469.042215251806, "revenue": 3469.042215251806}, "66703432_1565964657.9212396": {"client_id": "66703432", "arrival_time": 1565964657.9212396, "pour_duration": 3690.1337166594067, "revenue": 3690.1337166594067}, "66791438_1565968847.2580843": {"client_id": "66791438", "arrival_time": 1565968847.2580843, "pour_duration": 3238.8714522462265, "revenue": 3238.8714522462265}, "66553827_1565964624.574049": {"client_id": "66553827", "arrival_time": 1565964624.574049, "pour_duration": 3469.042215251806, "revenue": 3469.042215251806}, "66646556_1565989561.4999104": {"client_id": "66646556", "arrival_time": 1565989561.4999104, "pour_duration": 3401.9998635566976, "revenue": 3401.9998635566976}, "66481045_1565965808.4232671": {"client_id": "66481045", "arrival_time": 1565965808.4232671, "pour_duration": 3674.164969853533, "revenue": 3674.164969853533}, "66791438_1565979611.2580843": {"client_id": "66791438", "arrival_time": 1565979611.2580843, "pour_duration": 3238.8714522462265, "revenue": 3238.8714522462265}, "66481045_1565981089.4232671": {"client_id": "66481045", "arrival_time": 1565981089.4232671, "pour_duration": 3674.164969853533, "revenue": 3674.164969853533}, "66553827_1565976542.574049": {"client_id": "66553827", "arrival_time": 1565976542.574049, "pour_duration": 3469.042215251806, "revenue": 3469.042215251806}, "66615251_1565985493.6675541": {"client_id": "66615251", "arrival_time": 1565985493.6675541, "pour_duration": 2635.6069835928415, "revenue": 2635.6069835928415}, "66553827_1565956315.574049": {"client_id": "66553827", "arrival_time": 1565956315.574049, "pour_duration": 3469.042215251806, "revenue": 3469.042215251806}, "66789346_1565974590.5397155": {"client_id": "66789346", "arrival_time": 1565974590.5397155, "pour_duration": 3437.046327961651, "revenue": 3437.046327961651}, "66780739_1565999642.816072": {"client_id": "66780739", "arrival_time": 1565999642.816072, "pour_duration": 4103.720222150817, "revenue": 4103.720222150817}, "66703432_1565966561.9212396": {"client_id": "66703432", "arrival_time": 1565966561.9212396, "pour_duration": 3690.1337166594067, "revenue": 3690.1337166594067}, "66646556_1565987604.4999104": {"client_id": "66646556", "arrival_time": 1565987604.4999104, "pour_duration": 3401.9998635566976, "revenue": 3401.9998635566976}, "66787664_1565964185.665769": {"client_id": "66787664", "arrival_time": 1565964185.665769, "pour_duration": 2875.942296785728, "revenue": 2875.942296785728}, "66797445_1565986697.9036217": {"client_id": "66797445", "arrival_time": 1565986697.9036217, "pour_duration": 2820.022410302322, "revenue": 2820.022410302322}, "66785340_1565979062.5766585": {"client_id": "66785340", "arrival_time": 1565979062.5766585, "pour_duration": 3329.1025226130205, "revenue": 3329.1025226130205}, "66553827_1565983127.574049": {"client_id": "66553827", "arrival_time": 1565983127.574049, "pour_duration": 3469.042215251806, "revenue": 3469.042215251806}, "66783473_1565983494.6073117": {"client_id": "66783473", "arrival_time": 1565983494.6073117, "pour_duration": 3522.3322487389282, "revenue": 3522.3322487389282}, "66553827_1565986347.574049": {"client_id": "66553827", "arrival_time": 1565986347.574049, "pour_duration": 3469.042215251806, "revenue": 3469.042215251806}, "66481045_1565975529.4232671": {"client_id": "66481045", "arrival_time": 1565975529.4232671, "pour_duration": 3674.164969853533, "revenue": 3674.164969853533}, "66800743_1565982038.8268533": {"client_id": "66800743", "arrival_time": 1565982038.8268533, "pour_duration": 2678.440847200862, "revenue": 2678.440847200862}, "66503179_1565959302.1611755": {"client_id": "66503179", "arrival_time": 1565959302.1611755, "pour_duration": 2709.3719288398506, "revenue": 2709.3719288398506}, "66780739_1565998386.816072": {"client_id": "66780739", "arrival_time": 1565998386.816072, "pour_duration": 4103.720222150817, "revenue": 4103.720222150817}, "66481045_1565962826.4232671": {"client_id": "66481045", "arrival_time": 1565962826.4232671, "pour_duration": 3674.164969853533, "revenue": 3674.164969853533}, "66792987_1565962807.3422618": {"client_id": "66792987", "arrival_time": 1565962807.3422618, "pour_duration": 3461.0840037583184, "revenue": 3461.0840037583184}, "66481045_1565977448.4232671": {"client_id": "66481045", "arrival_time": 1565977448.4232671, "pour_duration": 3674.164969853533, "revenue": 3674.164969853533}, "66599817_1565973998.8389027": {"client_id": "66599817", "arrival_time": 1565973998.8389027, "pour_duration": 2850.3464999574485, "revenue": 2850.3464999574485}, "66481045_1565982719.4232671": {"client_id": "66481045", "arrival_time": 1565982719.4232671, "pour_duration": 3674.164969853533, "revenue": 3674.164969853533}, "66503179_1565974679.1611755": {"client_id": "66503179", "arrival_time": 1565974679.1611755, "pour_duration": 2709.3719288398506, "revenue": 2709.3719288398506}, "66787664_1565968973.665769": {"client_id": "66787664", "arrival_time": 1565968973.665769, "pour_duration": 2875.942296785728, "revenue": 2875.942296785728}, "66646556_1565987631.4999104": {"client_id": "66646556", "arrival_time": 1565987631.4999104, "pour_duration": 3401.9998635566976, "revenue": 3401.9998635566976}, "66481045_1565973285.4232671": {"client_id": "66481045", "arrival_time": 1565973285.4232671, "pour_duration": 3674.164969853533, "revenue": 3674.164969853533}, "66783146_1565984561.4642382": {"client_id": "66783146", "arrival_time": 1565984561.4642382, "pour_duration": 3502.3399678333208, "revenue": 3502.3399678333208}, "66646556_1565991054.4999104": {"client_id": "66646556", "arrival_time": 1565991054.4999104, "pour_duration": 3401.9998635566976, "revenue": 3401.9998635566976}, "66780739_1565996829.816072": {"client_id": "66780739", "arrival_time": 1565996829.816072, "pour_duration": 4103.720222150817, "revenue": 4103.720222150817}, "66646556_1565981751.4999104": {"client_id": "66646556", "arrival_time": 1565981751.4999104, "pour_duration": 3401.9998635566976, "revenue": 3401.9998635566976}, "66797744_1565958699.830758": {"client_id": "66797744", "arrival_time": 1565958699.830758,