{"plants": {"F011": {"plant_id": "F011", "start_time": 1565618439, "time_interval": 300, "end_time": 1565663454, "truck_capacity": 4}, "FB25": {"plant_id": "FB25", "start_time": 1565618439, "time_interval": 300, "end_time": 1565663454, "truck_capacity": 7}, "FB40": {"plant_id": "FB40", "start_time": 1565618439, "time_interval": 300, "end_time": 1565663454, "truck_capacity": 10}, "FB58": {"plant_id": "FB58", "start_time": 1565618439, "time_interval": 300, "end_time": 1565663454, "truck_capacity": 4}}, "deliveries": {"66646556_1565625875.4999104": {"client_id": "66646556", "arrival_time": 1565625875.4999104, "pour_duration": 3401.9998635566976, "revenue": 3401.9998635566976}, "66512032_1565628177.4594371": {"client_id": "66512032", "arrival_time": 1565628177.4594371, "pour_duration": 3465.8256228355867, "revenue": 3465.8256228355867}, "66615251_1565631652.6675541": {"client_id": "66615251", "arrival_time": 1565631652.6675541, "pour_duration": 2635.6069835928415, "revenue": 2635.6069835928415}, "66702155_1565631710.2251565": {"client_id": "66702155", "arrival_time": 1565631710.2251565, "pour_duration": 2703.3847452241916, "revenue": 2703.3847452241916}, "66646556_1565639192.4999104": {"client_id": "66646556", "arrival_time": 1565639192.4999104, "pour_duration": 3401.9998635566976, "revenue": 3401.9998635566976}, "66795886_1565640006.5791564": {"client_id": "66795886", "arrival_time": 1565640006.5791564, "pour_duration": 3420.3739279601004, "revenue": 3420.3739279601004}, "66414118_1565650048.1513019": {"client_id": "66414118", "arrival_time": 1565650048.1513019, "pour_duration": 3197.638599874802, "revenue": 3197.638599874802}, "66646556_1565660315.4191213": {"client_id": "66646556", "arrival_time": 1565660315.4191213, "pour_duration": 3602.665705427695, "revenue": 3602.665705427695}, "66800687_1565635881.4793549": {"client_id": "66800687", "arrival_time": 1565635881.4793549, "pour_duration": 3262.0249343223777, "revenue": 3262.0249343223777}, "66702155_1565647136.2251565": {"client_id": "66702155", "arrival_time": 1565647136.2251565, "pour_duration": 2703.3847452241916, "revenue": 2703.3847452241916}, "66481045_1565653627.4232671": {"client_id": "66481045", "arrival_time": 1565653627.4232671, "pour_duration": 3674.164969853533, "revenue": 3674.164969853533}, "66702155_1565627615.2251565": {"client_id": "66702155", "arrival_time": 1565627615.2251565, "pour_duration": 2703.3847452241916, "revenue": 2703.3847452241916}, "66703432_1565638158.9212396": {"client_id": "66703432", "arrival_time": 1565638158.9212396, "pour_duration": 3690.1337166594067, "revenue": 3690.1337166594067}, "66785340_1565637989.2243214": {"client_id": "66785340", "arrival_time": 1565637989.2243214, "pour_duration": 3559.77784084989, "revenue": 3559.77784084989}, "66615251_1565634878.6675541": {"client_id": "66615251", "arrival_time": 1565634878.6675541, "pour_duration": 2635.6069835928415, "revenue": 2635.6069835928415}, "66785340_1565636651.2243214": {"client_id": "66785340", "arrival_time": 1565636651.2243214, "pour_duration": 3559.77784084989, "revenue": 3559.77784084989}, "66784180_1565627626.1518664": {"client_id": "66784180", "arrival_time": 1565627626.1518664, "pour_duration": 3768.06199405104, "revenue": 3768.06199405104}, "66512032_1565625197.4594371": {"client_id": "66512032", "arrival_time": 1565625197.4594371, "pour_duration": 3465.8256228355867, "revenue": 3465.8256228355867}, "66615251_1565653258.6675541": {"client_id": "66615251", "arrival_time": 1565653258.6675541, "pour_duration": 2635.6069835928415, "revenue": 2635.6069835928415}, "66783146_1565629371.213109": {"client_id": "66783146", "arrival_time": 1565629371.213109, "pour_duration": 3474.577687002264, "revenue": 3474.577687002264}, "66615251_1565638262.6675541": {"client_id": "66615251", "arrival_time": 1565638262.6675541, "pour_duration": 2635.6069835928415, "revenue": 2635.6069835928415}, "66615251_1565622031.6675541": {"client_id": "66615251", "arrival_time": 1565622031.6675541, "pour_duration": 2635.6069835928415, "revenue": 2635.6069835928415}, "66702155_1565632596.2251565": {"client_id": "66702155", "arrival_time": 1565632596.2251565, "pour_duration": 2703.3847452241916, "revenue": 2703.3847452241916}, "66615251_1565639975.6675541": {"client_id": "66615251", "arrival_time": 1565639975.6675541, "pour_duration": 2635.6069835928415, "revenue": 2635.6069835928415}, "66800687_1565628196.4793549": {"client_id": "66800687", "arrival_time": 1565628196.4793549, "pour_duration": 3262.0249343223777, "revenue": 3262.0249343223777}, "66702155_1565625285.2251565": {"client_id": "66702155", "arrival_time": 1565625285.2251565, "pour_duration": 2703.3847452241916, "revenue": 2703.3847452241916}, "66615251_1565628701.6675541": {"client_id": "66615251", "arrival_time": 1565628701.6675541, "pour_duration": 2635.6069835928415, "revenue": 2635.6069835928415}, "66481045_1565631241.4232671": {"client_id": "66481045", "arrival_time": 1565631241.4232671, "pour_duration": 3674.164969853533, "revenue": 3674.164969853533}, "66784180_1565632828.1518664": {"client_id": "66784180", "arrival_time": 1565632828.1518664, "pour_duration": 3768.06199405104, "revenue": 3768.06199405104}, "66800687_1565634129.4793549": {"client_id": "66800687", "arrival_time": 1565634129.4793549, "pour_duration": 3262.0249343223777, "revenue": 3262.0249343223777}, "66638298_1565654904.337847": {"client_id": "66638298", "arrival_time": 1565654904.337847, "pour_duration": 3251.161795529186, "revenue": 3251.161795529186}, "66414118_1565639906.1513019": {"client_id": "66414118", "arrival_time": 1565639906.1513019, "pour_duration": 3197.638599874802, "revenue": 3197.638599874802}}, "driving_model_data": {"plant_data": {"FB58": {"centroid": [-75.80454259460602, 6.508977786895966], "A": 0.0012549722523768562, "b": 131.96183072414306}, "FB40": {"centroid": [-75.55128903569802, 6.3222947287437385], "A": 0.000776653033309462, "b": 124.5418090700255}, "F011": {"centroid": [-75.63498581839391, 6.15767085529605], "A": 0.0016884554260568983, "b": 119.05705772371283}, "FB25": {"centroid": [-75.3926742219536, 6.140070274147943], "A": 0.0006387538993144949, "b": 100.9547218744342}}, "client_data": {"66800687": {"centroid": [-75.539418, 6.331825]}, "66638298": {"centroid": [-75.554853, 6.31258]}, "66702155": {"centroid": [-75.37835800000002, 6.185168]}, "66646556": {"centroid": [-75.58326000000001, 6.251043000000001]}, "66512032": {"centroid": [-75.55748300000002, 6.215701]}, "66703406": {"centroid": [-75.70885000000001, 6.350723]}, "66615251": {"centroid": [-75.38557100000001, 6.132616000000001]}, "66520497": {"centroid": [-75.527941, 6.0911029999999995]}, "66795886": {"centroid": [-75.593988, 6.213266000000001]}, "66553827": {"centroid": [-75.570263, 6.2031600000000005]}, "66791756": {"centroid": [-75.56537500000002, 6.206436000000003]}, "66481045": {"centroid": [-75.75505000000001, 6.458741]}, "66414118": {"centroid": [-75.635433, 6.134600000000001]}, "66796884": {"centroid": [-75.61329500000001, 6.154651000000001]}, "66785340": {"centroid": [-75.58918300000002, 6.178225]}, "66632418": {"centroid": [-75.645888, 6.178988000000001]}, "66578862": {"centroid": [-75.60659499999998, 6.142933000000001]}, "66703432": {"centroid": [-75.75184, 6.455673000000002]}, "66503179": {"centroid": [-75.35152300000003, 6.169446000000001]}, "66784180": {"centroid": [-75.72955099999999, 6.4480580000000005]}, "66783146": {"centroid": [-75.56919999999998, 6.213050000000001]}, "66569254": {"centroid": [-75.596613, 6.2381160000000015]}, "66592722": {"centroid": [-75.57966499999999, 6.198705000000001]}, "66705186": {"centroid": [-75.43309500000001, 6.3882579999999995]}}}}