{"plants": {"F011": {"plant_id": "F011", "start_time": 1565696487, "time_interval": 300, "end_time": 1565748576, "truck_capacity": 15}, "FB25": {"plant_id": "FB25", "start_time": 1565696487, "time_interval": 300, "end_time": 1565748576, "truck_capacity": 9}, "FB40": {"plant_id": "FB40", "start_time": 1565696487, "time_interval": 300, "end_time": 1565748576, "truck_capacity": 11}, "FB58": {"plant_id": "FB58", "start_time": 1565696487, "time_interval": 300, "end_time": 1565748576, "truck_capacity": 6}}, "deliveries": {"66503179_1565713274.1611755": {"client_id": "66503179", "arrival_time": 1565713274.1611755, "pour_duration": 2709.3719288398506, "revenue": 2709.3719288398506}, "66646556_1565709278.4999104": {"client_id": "66646556", "arrival_time": 1565709278.4999104, "pour_duration": 3401.9998635566976, "revenue": 3401.9998635566976}, "66439417_1565712871.5884635": {"client_id": "66439417", "arrival_time": 1565712871.5884635, "pour_duration": 3224.162733179705, "revenue": 3224.162733179705}, "66793771_1565720674.5692027": {"client_id": "66793771", "arrival_time": 1565720674.5692027, "pour_duration": 3440.133435109919, "revenue": 3440.133435109919}, "66703406_1565718528.0243251": {"client_id": "66703406", "arrival_time": 1565718528.0243251, "pour_duration": 4085.783480562949, "revenue": 4085.783480562949}, "66546048_1565723898.0935972": {"client_id": "66546048", "arrival_time": 1565723898.0935972, "pour_duration": 3153.4381477437773, "revenue": 3153.4381477437773}, "66503179_1565731953.1611755": {"client_id": "66503179", "arrival_time": 1565731953.1611755, "pour_duration": 2709.3719288398506, "revenue": 2709.3719288398506}, "66579280_1565716171.732774": {"client_id": "66579280", "arrival_time": 1565716171.732774, "pour_duration": 4176.607599883258, "revenue": 4176.607599883258}, "66439417_1565702147.5884635": {"client_id": "66439417", "arrival_time": 1565702147.5884635, "pour_duration": 3224.162733179705, "revenue": 3224.162733179705}, "66799756_1565715842.0568554": {"client_id": "66799756", "arrival_time": 1565715842.0568554, "pour_duration": 2727.4667661184967, "revenue": 2727.4667661184967}, "66646556_1565735549.4999104": {"client_id": "66646556", "arrival_time": 1565735549.4999104, "pour_duration": 3401.9998635566976, "revenue": 3401.9998635566976}, "66481045_1565727712.4232671": {"client_id": "66481045", "arrival_time": 1565727712.4232671, "pour_duration": 3674.164969853533, "revenue": 3674.164969853533}, "66625615_1565742993.9615467": {"client_id": "66625615", "arrival_time": 1565742993.9615467, "pour_duration": 2636.0541837957053, "revenue": 2636.0541837957053}, "66646556_1565729872.4999104": {"client_id": "66646556", "arrival_time": 1565729872.4999104, "pour_duration": 3401.9998635566976, "revenue": 3401.9998635566976}, "66578862_1565718408.5795887": {"client_id": "66578862", "arrival_time": 1565718408.5795887, "pour_duration": 3240.8816279828147, "revenue": 3240.8816279828147}, "66703406_1565725464.0243251": {"client_id": "66703406", "arrival_time": 1565725464.0243251, "pour_duration": 4085.783480562949, "revenue": 4085.783480562949}, "66799576_1565714391.057592": {"client_id": "66799576", "arrival_time": 1565714391.057592, "pour_duration": 3416.5383088148897, "revenue": 3416.5383088148897}, "66651503_1565721231.1598704": {"client_id": "66651503", "arrival_time": 1565721231.1598704, "pour_duration": 3486.665718454225, "revenue": 3486.665718454225}, "66625615_1565737637.9615467": {"client_id": "66625615", "arrival_time": 1565737637.9615467, "pour_duration": 2636.0541837957053, "revenue": 2636.0541837957053}, "66798240_1565733044.5602558": {"client_id": "66798240", "arrival_time": 1565733044.5602558, "pour_duration": 3388.401515835449, "revenue": 3388.401515835449}, "66801100_1565714959.6503813": {"client_id": "66801100", "arrival_time": 1565714959.6503813, "pour_duration": 2828.763960315854, "revenue": 2828.763960315854}, "66703406_1565716292.0243251": {"client_id": "66703406", "arrival_time": 1565716292.0243251, "pour_duration": 4085.783480562949, "revenue": 4085.783480562949}, "66794140_1565729704.2970536": {"client_id": "66794140", "arrival_time": 1565729704.2970536, "pour_duration": 2645.6912926717023, "revenue": 2645.6912926717023}, "66703406_1565738146.0243251": {"client_id": "66703406", "arrival_time": 1565738146.0243251, "pour_duration": 4085.783480562949, "revenue": 4085.783480562949}, "66625615_1565736870.9615467": {"client_id": "66625615", "arrival_time": 1565736870.9615467, "pour_duration": 2636.0541837957053, "revenue": 2636.0541837957053}, "66797445_1565727564.9036217": {"client_id": "66797445", "arrival_time": 1565727564.9036217, "pour_duration": 2820.022410302322, "revenue": 2820.022410302322}, "66501604_1565706664.3158634": {"client_id": "66501604", "arrival_time": 1565706664.3158634, "pour_duration": 3214.6213134121454, "revenue": 3214.6213134121454}, "66646556_1565714281.4999104": {"client_id": "66646556", "arrival_time": 1565714281.4999104, "pour_duration": 3401.9998635566976, "revenue": 3401.9998635566976}, "66793771_1565724781.5692027": {"client_id": "66793771", "arrival_time": 1565724781.5692027, "pour_duration": 3440.133435109919, "revenue": 3440.133435109919}, "66799021_1565714858.650126": {"client_id": "66799021", "arrival_time": 1565714858.650126, "pour_duration": 2690.341036794329, "revenue": 2690.341036794329}, "66703406_1565715217.0243251": {"client_id": "66703406", "arrival_time": 1565715217.0243251, "pour_duration": 4085.783480562949, "revenue": 4085.783480562949}, "66546048_1565717979.0935972": {"client_id": "66546048", "arrival_time": 1565717979.0935972, "pour_duration": 3153.4381477437773, "revenue": 3153.4381477437773}, "66799576_1565729463.057592": {"client_id": "66799576", "arrival_time": 1565729463.057592, "pour_duration": 3416.5383088148897, "revenue": 3416.5383088148897}, "66799787_1565701680.7444017": {"client_id": "66799787", "arrival_time": 1565701680.7444017, "pour_duration": 3353.695709573734, "revenue": 3353.695709573734}, "65784521_1565713324.3928092": {"client_id": "65784521", "arrival_time": 1565713324.3928092, "pour_duration": 3709.1045549183436, "revenue": 3709.1045549183436}, "66481045_1565729002.4232671": {"client_id": "66481045", "arrival_time": 1565729002.4232671, "pour_duration": 3674.164969853533, "revenue": 3674.164969853533}, "66794140_1565739103.2970536": {"client_id": "66794140", "arrival_time": 1565739103.2970536, "pour_duration": 2645.6912926717023, "revenue": 2645.6912926717023}, "66578862_1565721238.5795887": {"client_id": "66578862", "arrival_time": 1565721238.5795887, "pour_duration": 3240.8816279828147, "revenue": 3240.8816279828147}, "66546048_1565719767.0935972": {"client_id": "66546048", "arrival_time": 1565719767.0935972, "pour_duration": 3153.4381477437773, "revenue": 3153.4381477437773}, "66592722_1565728483.9992514": {"client_id": "66592722", "arrival_time": 1565728483.9992514, "pour_duration": 3419.4918188864954, "revenue": 3419.4918188864954}, "66800554_1565712092.351019": {"client_id": "66800554", "arrival_time": 1565712092.351019, "pour_duration": 3281.604366910896, "revenue": 3281.604366910896}, "66503179_1565719249.1611755": {"client_id": "66503179", "arrival_time": 1565719249.1611755, "pour_duration": 2709.3719288398506, "revenue": 2709.3719288398506}, "66501604_1565727326.3158634": {"client_id": "66501604", "arrival_time": 1565727326.3158634, "pour_duration": 3214.6213134121454, "revenue": 3214.6213134121454}, "66703406_1565701928.0243251": {"client_id": "66703406", "arrival_time": 1565701928.0243251, "pour_duration": 4085.783480562949, "revenue": 4085.783480562949}, "66578862_1565709677.5795887": {"client_id": "66578862", "arrival_time": 1565709677.5795887, "pour_duration": 3240.8816279828147, "revenue": 3240.8816279828147}, "66503179_1565726314.1611755": {"client_id": "66503179", "arrival_time": 1565726314.1611755, "pour_duration": 2709.3719288398506, "revenue": 2709.3719288398506}, "66579280_1565717477.732774": {"client_id": "66579280",